{
  "display": {
    "background": "minecraft:textures/block/stone.png",
    "icon": {
      "item": "admin_tools:adminsworditem"
    },
    "title": {
      "translate": "advancements.thepower.title"
    },
    "description": {
      "translate": "advancements.thepower.descr"
    },
    "frame": "goal",
    "show_toast": true,
    "announce_to_chat": true,
    "hidden": true
  },
  "criteria": {
    "thepower": {
      "trigger": "minecraft:inventory_changed",
      "conditions": {
        "items": [
          {
            "item": "admin_tools:adminsworditem",
            "count": {
              "min": 1,
              "max": 1
            }
          }
        ]
      }
    }
  }
}