{
  "display": {
    "icon": {
      "item": "admin_tools:adminhoeitem"
    },
    "title": {
      "translate": "advancements.why.title"
    },
    "description": {
      "translate": "advancements.why.descr"
    },
    "frame": "goal",
    "show_toast": true,
    "announce_to_chat": true,
    "hidden": true
  },
  "criteria": {
    "why": {
      "trigger": "minecraft:inventory_changed",
      "conditions": {
        "items": [
          {
            "item": "admin_tools:adminhoeitem",
            "count": {
              "min": 1,
              "max": 1
            }
          }
        ]
      }
    }
  },
  "rewards": {
    "experience": 50
  },
  "parent": "admin_tools:thepower"
}